{"cameraMode":{"drawMode":0,"name":"Shaded","section":"Shading Mode"},"sceneLighting":true,"audioPlay":false,"sceneViewState":{"showFog":true,"showMaterialUpdate":false,"showSkybox":false,"showFlares":true,"showImageEffects":true,"showParticleSystems":true},"in2DMode":false,"pivot":{"x":-1.2744107246398926,"y":-22.193572998046876,"z":462.43487548828127},"rotation":{"x":0.025493457913398744,"y":-0.017391769215464593,"z":0.0004436193557921797,"w":0.9995282292366028},"size":232.99954223632813,"orthographic":false}