{"cameraMode":{"drawMode":0,"name":"Shaded","section":"Shading Mode"},"sceneLighting":true,"audioPlay":false,"sceneViewState":{"showFog":true,"showMaterialUpdate":true,"showSkybox":true,"showFlares":true,"showImageEffects":true,"showParticleSystems":true},"in2DMode":false,"pivot":{"x":-5.760176181793213,"y":-193.1197509765625,"z":586.4918212890625},"rotation":{"x":-0.16071371734142304,"y":0.004879710264503956,"z":-0.0005409494624473155,"w":-0.9870671629905701},"size":315.497802734375,"orthographic":false}