{"cameraMode":{"drawMode":0,"name":"Shaded","section":"Shading Mode"},"sceneLighting":true,"audioPlay":false,"sceneViewState":{"showFog":true,"showMaterialUpdate":true,"showSkybox":true,"showFlares":true,"showImageEffects":true,"showParticleSystems":true},"in2DMode":false,"pivot":{"x":61.03370666503906,"y":-44.72732925415039,"z":66.46175384521485},"rotation":{"x":0.2671157419681549,"y":0.3381601870059967,"z":-0.10072021931409836,"w":0.8967466950416565},"size":48.181671142578128,"orthographic":false}